{
  "": {
    "swift-dependencies": "/tmp/guest-atsf3d/Bureau/Librairie/.build/x86_64-unknown-linux/debug/Librairie.build/master.swiftdeps"
  },
  "/tmp/guest-atsf3d/Bureau/Librairie/Sources/Librairie/Hand.swift": {
    "dependencies": "/tmp/guest-atsf3d/Bureau/Librairie/.build/x86_64-unknown-linux/debug/Librairie.build/Hand.d",
    "object": "/tmp/guest-atsf3d/Bureau/Librairie/.build/x86_64-unknown-linux/debug/Librairie.build/Hand.swift.o",
    "swiftmodule": "/tmp/guest-atsf3d/Bureau/Librairie/.build/x86_64-unknown-linux/debug/Librairie.build/Hand~partial.swiftmodule",
    "swift-dependencies": "/tmp/guest-atsf3d/Bureau/Librairie/.build/x86_64-unknown-linux/debug/Librairie.build/Hand.swiftdeps"
  },
  "/tmp/guest-atsf3d/Bureau/Librairie/Sources/Librairie/Joueur.swift": {
    "dependencies": "/tmp/guest-atsf3d/Bureau/Librairie/.build/x86_64-unknown-linux/debug/Librairie.build/Joueur.d",
    "object": "/tmp/guest-atsf3d/Bureau/Librairie/.build/x86_64-unknown-linux/debug/Librairie.build/Joueur.swift.o",
    "swiftmodule": "/tmp/guest-atsf3d/Bureau/Librairie/.build/x86_64-unknown-linux/debug/Librairie.build/Joueur~partial.swiftmodule",
    "swift-dependencies": "/tmp/guest-atsf3d/Bureau/Librairie/.build/x86_64-unknown-linux/debug/Librairie.build/Joueur.swiftdeps"
  },
  "/tmp/guest-atsf3d/Bureau/Librairie/Sources/Librairie/Orientation.swift": {
    "dependencies": "/tmp/guest-atsf3d/Bureau/Librairie/.build/x86_64-unknown-linux/debug/Librairie.build/Orientation.d",
    "object": "/tmp/guest-atsf3d/Bureau/Librairie/.build/x86_64-unknown-linux/debug/Librairie.build/Orientation.swift.o",
    "swiftmodule": "/tmp/guest-atsf3d/Bureau/Librairie/.build/x86_64-unknown-linux/debug/Librairie.build/Orientation~partial.swiftmodule",
    "swift-dependencies": "/tmp/guest-atsf3d/Bureau/Librairie/.build/x86_64-unknown-linux/debug/Librairie.build/Orientation.swiftdeps"
  },
  "/tmp/guest-atsf3d/Bureau/Librairie/Sources/Librairie/Piece.swift": {
    "dependencies": "/tmp/guest-atsf3d/Bureau/Librairie/.build/x86_64-unknown-linux/debug/Librairie.build/Piece.d",
    "object": "/tmp/guest-atsf3d/Bureau/Librairie/.build/x86_64-unknown-linux/debug/Librairie.build/Piece.swift.o",
    "swiftmodule": "/tmp/guest-atsf3d/Bureau/Librairie/.build/x86_64-unknown-linux/debug/Librairie.build/Piece~partial.swiftmodule",
    "swift-dependencies": "/tmp/guest-atsf3d/Bureau/Librairie/.build/x86_64-unknown-linux/debug/Librairie.build/Piece.swiftdeps"
  },
  "/tmp/guest-atsf3d/Bureau/Librairie/Sources/Librairie/Plateau.swift": {
    "dependencies": "/tmp/guest-atsf3d/Bureau/Librairie/.build/x86_64-unknown-linux/debug/Librairie.build/Plateau.d",
    "object": "/tmp/guest-atsf3d/Bureau/Librairie/.build/x86_64-unknown-linux/debug/Librairie.build/Plateau.swift.o",
    "swiftmodule": "/tmp/guest-atsf3d/Bureau/Librairie/.build/x86_64-unknown-linux/debug/Librairie.build/Plateau~partial.swiftmodule",
    "swift-dependencies": "/tmp/guest-atsf3d/Bureau/Librairie/.build/x86_64-unknown-linux/debug/Librairie.build/Plateau.swiftdeps"
  },
  "/tmp/guest-atsf3d/Bureau/Librairie/Sources/Librairie/Position.swift": {
    "dependencies": "/tmp/guest-atsf3d/Bureau/Librairie/.build/x86_64-unknown-linux/debug/Librairie.build/Position.d",
    "object": "/tmp/guest-atsf3d/Bureau/Librairie/.build/x86_64-unknown-linux/debug/Librairie.build/Position.swift.o",
    "swiftmodule": "/tmp/guest-atsf3d/Bureau/Librairie/.build/x86_64-unknown-linux/debug/Librairie.build/Position~partial.swiftmodule",
    "swift-dependencies": "/tmp/guest-atsf3d/Bureau/Librairie/.build/x86_64-unknown-linux/debug/Librairie.build/Position.swiftdeps"
  },
  "/tmp/guest-atsf3d/Bureau/Librairie/Sources/Librairie/Reserve.swift": {
    "dependencies": "/tmp/guest-atsf3d/Bureau/Librairie/.build/x86_64-unknown-linux/debug/Librairie.build/Reserve.d",
    "object": "/tmp/guest-atsf3d/Bureau/Librairie/.build/x86_64-unknown-linux/debug/Librairie.build/Reserve.swift.o",
    "swiftmodule": "/tmp/guest-atsf3d/Bureau/Librairie/.build/x86_64-unknown-linux/debug/Librairie.build/Reserve~partial.swiftmodule",
    "swift-dependencies": "/tmp/guest-atsf3d/Bureau/Librairie/.build/x86_64-unknown-linux/debug/Librairie.build/Reserve.swiftdeps"
  },
  "/tmp/guest-atsf3d/Bureau/Librairie/Sources/Librairie/TypePiece.swift": {
    "dependencies": "/tmp/guest-atsf3d/Bureau/Librairie/.build/x86_64-unknown-linux/debug/Librairie.build/TypePiece.d",
    "object": "/tmp/guest-atsf3d/Bureau/Librairie/.build/x86_64-unknown-linux/debug/Librairie.build/TypePiece.swift.o",
    "swiftmodule": "/tmp/guest-atsf3d/Bureau/Librairie/.build/x86_64-unknown-linux/debug/Librairie.build/TypePiece~partial.swiftmodule",
    "swift-dependencies": "/tmp/guest-atsf3d/Bureau/Librairie/.build/x86_64-unknown-linux/debug/Librairie.build/TypePiece.swiftdeps"
  }
}
