{
  "": {
    "swift-dependencies": "/Users/matthew.haas/Desktop/Protocoles/.build/debug/Protocoles.build/master.swiftdeps"
  },
  "/Users/matthew.haas/Desktop/Protocoles/Sources/Hand.swift": {
    "dependencies": "/Users/matthew.haas/Desktop/Protocoles/.build/debug/Protocoles.build/Hand.d",
    "object": "/Users/matthew.haas/Desktop/Protocoles/.build/debug/Protocoles.build/Hand.swift.o",
    "swiftmodule": "/Users/matthew.haas/Desktop/Protocoles/.build/debug/Protocoles.build/Hand~partial.swiftmodule",
    "swift-dependencies": "/Users/matthew.haas/Desktop/Protocoles/.build/debug/Protocoles.build/Hand.swiftdeps"
  },
  "/Users/matthew.haas/Desktop/Protocoles/Sources/Joueur.swift": {
    "dependencies": "/Users/matthew.haas/Desktop/Protocoles/.build/debug/Protocoles.build/Joueur.d",
    "object": "/Users/matthew.haas/Desktop/Protocoles/.build/debug/Protocoles.build/Joueur.swift.o",
    "swiftmodule": "/Users/matthew.haas/Desktop/Protocoles/.build/debug/Protocoles.build/Joueur~partial.swiftmodule",
    "swift-dependencies": "/Users/matthew.haas/Desktop/Protocoles/.build/debug/Protocoles.build/Joueur.swiftdeps"
  },
  "/Users/matthew.haas/Desktop/Protocoles/Sources/Orientation.swift": {
    "dependencies": "/Users/matthew.haas/Desktop/Protocoles/.build/debug/Protocoles.build/Orientation.d",
    "object": "/Users/matthew.haas/Desktop/Protocoles/.build/debug/Protocoles.build/Orientation.swift.o",
    "swiftmodule": "/Users/matthew.haas/Desktop/Protocoles/.build/debug/Protocoles.build/Orientation~partial.swiftmodule",
    "swift-dependencies": "/Users/matthew.haas/Desktop/Protocoles/.build/debug/Protocoles.build/Orientation.swiftdeps"
  },
  "/Users/matthew.haas/Desktop/Protocoles/Sources/Piece.swift": {
    "dependencies": "/Users/matthew.haas/Desktop/Protocoles/.build/debug/Protocoles.build/Piece.d",
    "object": "/Users/matthew.haas/Desktop/Protocoles/.build/debug/Protocoles.build/Piece.swift.o",
    "swiftmodule": "/Users/matthew.haas/Desktop/Protocoles/.build/debug/Protocoles.build/Piece~partial.swiftmodule",
    "swift-dependencies": "/Users/matthew.haas/Desktop/Protocoles/.build/debug/Protocoles.build/Piece.swiftdeps"
  },
  "/Users/matthew.haas/Desktop/Protocoles/Sources/Plateau.swift": {
    "dependencies": "/Users/matthew.haas/Desktop/Protocoles/.build/debug/Protocoles.build/Plateau.d",
    "object": "/Users/matthew.haas/Desktop/Protocoles/.build/debug/Protocoles.build/Plateau.swift.o",
    "swiftmodule": "/Users/matthew.haas/Desktop/Protocoles/.build/debug/Protocoles.build/Plateau~partial.swiftmodule",
    "swift-dependencies": "/Users/matthew.haas/Desktop/Protocoles/.build/debug/Protocoles.build/Plateau.swiftdeps"
  },
  "/Users/matthew.haas/Desktop/Protocoles/Sources/Position.swift": {
    "dependencies": "/Users/matthew.haas/Desktop/Protocoles/.build/debug/Protocoles.build/Position.d",
    "object": "/Users/matthew.haas/Desktop/Protocoles/.build/debug/Protocoles.build/Position.swift.o",
    "swiftmodule": "/Users/matthew.haas/Desktop/Protocoles/.build/debug/Protocoles.build/Position~partial.swiftmodule",
    "swift-dependencies": "/Users/matthew.haas/Desktop/Protocoles/.build/debug/Protocoles.build/Position.swiftdeps"
  },
  "/Users/matthew.haas/Desktop/Protocoles/Sources/Reserve.swift": {
    "dependencies": "/Users/matthew.haas/Desktop/Protocoles/.build/debug/Protocoles.build/Reserve.d",
    "object": "/Users/matthew.haas/Desktop/Protocoles/.build/debug/Protocoles.build/Reserve.swift.o",
    "swiftmodule": "/Users/matthew.haas/Desktop/Protocoles/.build/debug/Protocoles.build/Reserve~partial.swiftmodule",
    "swift-dependencies": "/Users/matthew.haas/Desktop/Protocoles/.build/debug/Protocoles.build/Reserve.swiftdeps"
  },
  "/Users/matthew.haas/Desktop/Protocoles/Sources/TypePiece.swift": {
    "dependencies": "/Users/matthew.haas/Desktop/Protocoles/.build/debug/Protocoles.build/TypePiece.d",
    "object": "/Users/matthew.haas/Desktop/Protocoles/.build/debug/Protocoles.build/TypePiece.swift.o",
    "swiftmodule": "/Users/matthew.haas/Desktop/Protocoles/.build/debug/Protocoles.build/TypePiece~partial.swiftmodule",
    "swift-dependencies": "/Users/matthew.haas/Desktop/Protocoles/.build/debug/Protocoles.build/TypePiece.swiftdeps"
  }
}
